"ID";"Term_Description";"Fold_Enrichment";"occurrence";"support";"lowest_p";"highest_p";"Up_regulated";"Down_regulated"
"GO:0000502";"proteasome complex";1,58969719546591;10;0,180858585858586;2,01844586023731e-18;2,04266427656133e-08;"PSMA5, PSMB6, PSMC4, PSMC6, PSMD5, PSMD12, PSME1, PSME2, VCP, ADRM1";"HSPB1, PSMC1"
"GO:1990904";"ribonucleoprotein complex";1,65379788883148;10;0,380929648241206;1,55021759611e-17;6,61024305361966e-15;"BRCA1, DHX9, HNRNPL, NCBP1, NCL, YBX1, NUP98, RPL22, ATXN2, XPO1, ZFP36, SLBP, PABPN1, RBM14, SYNCRIP, AGO1, AKAP8L, AGO2, SRRT, APOBEC3G, RNF135, ZC3H18, MRPL10, JAKMIP1, APOBEC3F";"IGF2BP1, BOP1"
"GO:0090575";"RNA polymerase II transcription regulator complex";1,66145436053903;10;0,135;2,05936450420549e-16;2,81413126362997e-12;"ATF3, CEBPB, CHD4, CREB1, ATF2, DBP, DDIT3, E2F1, E2F3, E2F6, FOSL2, HIF1A, NEUROD1, NFE2L2, NFYB, POU2F1, RARA, STAT3, STAT6, TFDP2, NR1H3, CREB3, BATF, ADNP, HIPK2, BACH2";"HAND1, ATF6"
"GO:0046540";"U4/U6 x U5 tri-snRNP complex";1,95814263920671;10;0,128140703517588;5,03766649893163e-16;4,92599388805934e-06;"SNRPD2, DDX23, PPIH, PRPF8, SNRNP27, SNRNP200, LSM5, LSM4, PRPF31, LSM2, RBM42";""
"GO:0071013";"catalytic step 2 spliceosome";1,0224334526394;10;0,177939698492462;6,10006550087043e-15;3,8026088210279e-07;"HNRNPC, HNRNPF, SNRPD2, DDX23, AQR, SYNCRIP, PRPF8, RALY, SNRNP200, LSM2";"CDC5L, PPIL1, GPATCH1, CWC22"
"GO:0005741";"mitochondrial outer membrane";1,86767703292444;10;0,255628140703518;9,71925657292401e-15;2,46525282662059e-11;"BID, CASP8, CPT1B, ATF2, CYB5A, ACSL1, ACSL3, KRAS, RAC2, RAF1, TUFM, VDAC1, ULK1, BCL2L11, ABCB6, PGRMC1, PHB2, VPS13A, FIS1, GDAP1, TOMM7, MSTO1, RMDN3, ZNFX1, PINK1, MYO19, QTRT1, HINT2, USP30, BMF, FAM210B, PGAM5, PLD6";"BNIP3, KMO, SLC44A1, RHOT1, MFF, MUL1, COASY"
"GO:0016605";"PML body";1,6754161618881;10;0,2525;9,66204177776226e-14;8,66691052546434e-08;"BLM, DAXX, ELF4, MTOR, ISG20, LRCH4, NBN, RNF4, RPA1, RPA2, SKI, ZBTB16, ZMYM2, SQSTM1, N4BP1, PARK7, KLHL20, HIPK2, SPTBN4";"TRIM16"
"GO:0010494";"cytoplasmic stress granule";1,83755320981275;10;0,250640703517588;4,39835247128839e-13;4,49403914667676e-11;"KPNB1, YBX1, RBM4, ATXN2, STAU1, VCP, ZFP36, G3BP1, CELF1, ATXN2L, HIPK2, YTHDF2, OGFOD1, ZNFX1, NUFIP2, RNF135, LARP4, NANOS3";"IGF2BP1, DHX36"
"GO:0000785";"chromatin";1,31838424616696;10;0,29822864321608;1,12936193446363e-12;4,05072739470899e-12;"RUNX3, ATF2, DFFB, E2F1, FANCA, FANCB, FANCG, FER, GATA3, HDAC1, HIF1A, HNRNPL, PCNA, PPP4C, RARA, RELB, DPF2, RPA2, SP1, STAT3, TAF5, HIRA, NR0B2, LDB1, DDX23, IST1, ZEB2, TOX4, USP3, CHAF1A, NR1H3, KLF2, PRMT5, PARK7, KDM1A, CAMTA2, L3MBTL1, AKAP8L, UHRF1, ASF1B, NUCKS1, PINK1, KLHDC3";"RUNX2, LOXL2, TCF4, SETD1A, FANCL, HIF3A, DBF4B, FANK1, CDCA5, ZBTB46"
"GO:0005788";"endoplasmic reticulum lumen";1,50351472669066;10;0,045;1,21110397805254e-12;4,10958550473561e-07;"APOA2, C3, C4A, COL10A1, CP, P4HB, PDGFB, CFP, PLAUR, MAPK1, PROC, QSOX1, ADAM17, WFS1, WNT6, APOL1, RNASET2, PROZ, FSTL3, HYOU1, CNPY3, OS9, MGAT4A, ERP44, GANAB, GOLM1, GHRL, POGLUT1, TXNDC16, ACE2, P3H1, VCPIP1, PDGFD, TSPAN14, WNT3A, COL23A1, CALR3, MIA3";"APP, ARSB, COL1A1, COL1A2, COL4A3, COL5A1, COL6A1, COL6A3, COL12A1, COL13A1, COL19A1, CST3, ESD, SERPIND1, TNC, IGFBP3, IGFBP5, IL12B, PENK, MAPK3, WNT7B, ENAM, FSTL1, ADAMTS7, SUMF2, ADAMTSL4, MXRA8, TMEM132A, ARSJ, COL18A1, APOA5, COL28A1, GPX8"
"GO:0022626";"cytosolic ribosome";1,04933959612991;10;0,133165829145729;2,43080753831239e-12;2,52684323123587e-09;"RPL11, RPL12, RPL18, RPL22, RPL24, RPL36A, RPLP1, RPS12, RPS17, RPS19, RPL36, EIF2AK4";"RPL31, RPS27"
"GO:0005901";"caveola";1,66145436053903;10;0,08;1,26886106416693e-11;0,000442944392076396;"ATP2B4, F2R, FLOT2, MAPK1, TGFBR2, LRP8, NOS1AP, HDAC6, PACSIN2";"HCK, IRS1, KCNMA1, MAPK3, EHD2"
"GO:0005874";"microtubule";1,70237688173457;10;0,278914141414141;4,84490254504014e-11;2,76934606985649e-10;"CDK5, DNM2, MAP3K11, TBCD, TBCE, TCP1, TUBA1A, HDAC6, CDK2AP2, TUBA1B, TUBB4B, CCT8, RADIL, FSD1, CDK5RAP3, AKNA, TUBB, KIAA0895L";"DCTN1, DLG1, DYNC1H1, DYNC1I2, CLIP1, TUBB2A, MAP1S, TUBA1C"
"GO:0000781";"chromosome, telomeric region";1,34409790964955;10;0,185452261306533;1,19877691168013e-10;2,56731247513736e-09;"BLM, CHD4, ERCC4, NBN, ORC2, PPP1CC, RPA2, TOX4, KDM1A, LRIF1, WRNIP1, GATAD2B, ZBTB10, NABP2, HMBOX1, PIF1";"BRCA2, RECQL4, RTEL1, THOC3, DHX36"
"GO:0005635";"nuclear envelope";1,41306417374748;10;0,180452261306533;1,5918098710607e-10;7,93168121438291e-10;"ALOX5AP, EMD, MTOR, GLE1, KPNB1, LMNA, LMNB1, NUP88, NUP98, RANGAP1, XPO1, MTMR6, EBP, RAB40B, BICD2, FAM156A, RTN4, CALR3, CC2D1B";"BNIP3, DCTN1, GPER1, PLA2G4A, MAPK3, RAE1, NUP93, DHRS2, ATF6, NUP160, GOLT1A, NUP35, NAPEPLD"
"GO:0005747";"mitochondrial respiratory chain complex I";1,23835107617816;10;0,0552777777777778;2,7722273003988e-10;9,94757721958512e-05;"NDUFA1, NDUFA5, NDUFS2, NDUFS3, NDUFB11, NDUFA11";"NDUFB8, NDUFS4, NDUFA13, NDUFS7"
"GO:0035631";"CD40 receptor complex";3,10713542750156;10;0,122814070351759;6,52485571114865e-10;7,62635560581692e-09;"IKBKB, TRAF2, TRAF3, RNF31, DIABLO";"TRAF6"
"GO:0022625";"cytosolic large ribosomal subunit";1,04628029701583;10;0,102763819095477;8,04014855840174e-10;1,12684716077387e-06;"RPL11, RPL12, RPL18, RPL22, RPL24, RPL36A, RPLP1, RPL36";"RPL31"
"GO:0005689";"U12-type spliceosomal complex";1,42410373760488;10;0,0300753768844221;1,44330990145014e-09;0,00409927300592751;"YBX1, SNRPD2, SF3B6, SNRNP25, ZCRB1";"SNRNP35"
"GO:0005762";"mitochondrial large ribosomal subunit";1,31455729625066;10;0,0301507537688442;2,08032253051408e-09;1,14587634489305e-07;"MRPL28, MRPL18, MRPL35, MRPL16, MRPL40, MRPL38, MRPL34, MRPL10, MTERF4";"MRPL46, MRPL30, MRPL27"
"GO:0042788";"polysomal ribosome";1,68782665197616;10;0,115577889447236;2,23049107566746e-09;1,54585756901556e-05;"DHX9, RPL11, RPL18, RPL24, RPL36A, RPL36, NUFIP2";"RPL31"
"GO:0000776";"kinetochore";1,1962471395881;10;0,125301507537688;3,78565370489105e-09;5,01881652816471e-05;"BUB1, KIF22, NUP98, RANGAP1, XPO1, BUB3, DCTN2, SPAG5, SUGT1, PMF1, MEAF6, MIS12, NDEL1, ZNF276, SKA2";"DCTN1, CLIP1, AURKB, NDC80, NUP160, CHAMP1"
"GO:0022624";"proteasome accessory complex";1,6754161618881;10;0,105251256281407;4,19035532368692e-09;4,48776028392561e-05;"PSMC4, PSMC6, PSMD5, PSMD12";"PSMC1"
"GO:0071005";"U2-type precatalytic spliceosome";1,02535469107551;10;0,0726758793969849;5,23726417111674e-09;1,23178702808981e-05;"SNRPD2, RNF113A, PRPF8, SNRNP200, LSM5, LSM4, PRPF31, LSM2";"CWC22"
"GO:0010008";"endosome membrane";1,19554387848311;10;0,0451130653266332;6,06683440793066e-09;0,00180710946225835;"CLCN3, CTSD, ECE1, IRAK2, IRF7, MYD88, SORL1, UBA1, AP3D1, RAB35, VPS45, TAB2, VPS13A, VPS4A, ATP6V0A4, VPS28, WIPI1, VPS35, PMEPA1, TMBIM1, VPS16, VPS33A, RFFL";"LAMP1, TLR3, TLR4, TRAF6, RNF144A, DNAJC13, VPS41, EHD3, EHD2, VAC14, RHOU"
"GO:0080008";"Cul4-RING E3 ubiquitin ligase complex";1,48602129141379;10;0,0175757575757576;1,89682937716166e-08;2,74986808543153e-07;"ERCC8, DCAF7, DET1, DDA1, DCAF17, DCAF15";""
"GO:0035861";"site of double-strand break";1,32238204206168;10;0,125314070351759;2,45724581997492e-08;0,000466590079031834;"ATF2, LMNA, NBN, RPA2, VCP, WAS, PARP3, ZBTB7A, INTS3, NABP2, RNF168, APLF";"RAD18"
"GO:0017053";"transcription repressor complex";1,97630722769657;10;0,0975;3,97874857871655e-08;5,71538516400072e-08;"GATA1, RELB, SKI, SP1, TFAP4, ZBTB16, HDAC4, SPEN, RCOR1, GMNN, TBL1XR1, ZFPM1, JAZF1";"CCND1, HOXC9, INSM1, DEPDC1"
"GO:0005643";"nuclear pore";1,38936950010232;10;0,0977386934673367;6,1564822405431e-08;1,6510191349344e-05;"KPNB1, NUP88, NUP98, IPO7, BICD2";"AGFG1, RAE1, NUP93, SNUPN, NUP160"
"GO:0032993";"protein-DNA complex";1,42410373760488;10;0,0802010050251256;8,09019709752896e-08;4,48004110847238e-06;"CTNNB1, DDIT3, GATA1, NFE2L2, NFYB, SP1, ZBTB17";"HOXA11, HMGA2"
"GO:0042645";"mitochondrial nucleoid";1,16849537444503;10;0,092964824120603;8,4847262672094e-08;3,32433699914756e-07;"GRSF1, POLRMT, SHMT2, TUFM, VDAC1";"TFAM, LRRC59, DDX28"
"GO:1904813";"ficolin-1-rich granule lumen";1,24034841662361;10;0,135314070351759;9,44302193080977e-08;1,57282913822811e-05;"A1BG, ALDOC, MAPK14, CTSD, GSTP1, KPNB1, MIF, PKM, MAPK1, PSMA5, PSMD12, SRP14, VCP, CDK13, GMFG, HUWE1, CCT8, QPCT, OSTF1, DBNL, YPEL5, CAB39, GSDMD";"ARSB, CST3, CTSS, ATG7"
"GO:0015630";"microtubule cytoskeleton";1,41370881981215;10;0,1725;1,03821104499505e-07;3,55247851936326e-06;"LYST, FER, CDK16, SHMT2, SPAST, TUBA1A, OFD1, CCNB2, ACTR1A, SPRY2, TUBA1B, TUBB4B, CEP131, RUSC1, CLIC4, WDR11, PCIF1, FAM83D, TUBB";"DCTN1, GTF2F2, HOXC8, CLIP1, TUBB2A, AURKB, TUBGCP4, EHD2, ADCY10, TEX35, ARL6, TUBA1C, IFT43, KANK4, TUBB8"
"GO:0036464";"cytoplasmic ribonucleoprotein granule";1,58233748622765;10;0,210515075376884;1,29026965443875e-07;7,07130869129389e-06;"CDC42, DHX9, NCL, STAU1, TUBA1A, USP3, UPF2, AGO1, AGO2, SLC39A2, YTHDF2, BTBD1, NFKBIZ, ZC3H12A, SARNP, AGO3, TUBB";"GHR, MCC, MAP1LC3C"
"GO:0005814";"centriole";1,29197040112608;10;0,0301262626262626;1,30954540525638e-07;0,00803695037239162;"CETN2, GLE1, HTT, OFD1, SSNA1, CEP104, CCP110, MPHOSPH9, SDCCAG8, CCHCR1, CEP192, MDM1, STARD9, TSKS, ARMC9, CCDC92, AKNA, FBF1, CEP120";"DCTN1, POC1A, CNTLN"
"GO:0030496";"midbody";1,60343531937735;10;0,183417085427136;1,66673979646367e-07;8,18561616088219e-05;"CDC42, GNAI2, RAB8A, MYH10, PIN1, PKN1, SLC2A1, SPAST, UVRAG, SSNA1, USP8, CTDP1, KIF20B, IST1, URB2, KIF20A, NUDC, KATNA1, CPEB3, ARL2BP, CLIC4, GNL3, VPS4A, YPEL5, ARL8B, PDXP, WIZ, RAB11FIP4, ZFYVE19, ANKRD54, HEPACAM2, ANKRD45";"DEFA5, AURKB, ZNF330, RACGAP1, ANLN, MITD1"
"GO:0071162";"CMG complex";2,07142361833437;10;0,0250628140703518;1,99867025343972e-07;0,00378254644274365;"MCM3, MCM5, GINS2, GINS4";""
"GO:0016323";"basolateral plasma membrane";1,43434908823513;10;0,08;2,23549669058418e-07;2,674162321415e-05;"ATP2B1, CD81, CTNNB1, EPB41, FLOT2, B4GALT1, KCNJ4, LRP1, PDGFB, SLC2A1, EZR, SLC30A1, SLC7A5, SLC23A2, CADM1, SLC43A3, SLC40A1, NOD2, SLC26A6, SLC38A1, SLC43A2, SLC29A4";"ANK3, DLG1, FOLR1, IDE, BSND, ABCB11, CLDN1, ABCC4, AJAP1, SLC4A10, SLC4A5, NKD2, CALHM3"
"GO:0005667";"transcription regulator complex";1,19554387848311;10;0,0675;2,58250756791127e-07;4,6992537961161e-05;"AHR, CTNNB1, GATA1, RARA, SKI, STAT3, LDB1, RBM14, PMF1, KDM1A, ZFPM1";"ZFHX3, HOXA11, TCF4, HDAC9, NAA16, SCX"
"GO:0071007";"U2-type catalytic step 2 spliceosome";1,13928299008391;10;0,0701884422110553;2,78723926287691e-07;0,000924220133189348;"SNRPD2, AQR, PRPF8";"CDC5L, PPIL1, CWC22"
"GO:0009898";"cytoplasmic side of plasma membrane";1,48106788710908;10;0,097751256281407;3,44938620732873e-07;9,8986363575696e-05;"IKBKB, MYH9, TRAF2, TRAF3, LITAF, RASA3, RNF31, DIABLO";"ACP1, CACNB4, DLG1, TRAF6, AJAP1"
"GO:0005769";"early endosome";1,55356771375078;10;0,097751256281407;4,13661971778541e-07;0,000155524976009746;"APOA2, CLCN3, F2R, RAPGEF1, HTT, LRP1, MAPK1, MAP2K1, SORL1, UVRAG, VCAM1, CXCR4, PICALM, HYAL3, USP8, RABGAP1L, INPP5F, TBC1D2B, MGRN1, RUSC1, LAMP3, VPS4A, RABGEF1, VPS28, VPS35, VPS16, VPS33A, RIN3, ANKRD13B, PPP1R21, DTX3L";"APP, GPER1, MME, OCRL, MAPK3, CLTCL1, NRP1, TM9SF4, CNTNAP2, LAPTM4B, KIF16B, ALS2, NAPEPLD, SNX30"
"GO:0015629";"actin cytoskeleton";1,05607692901036;10;0,085427135678392;4,85657341075353e-07;6,74130543947344e-06;"BIN1, DHX9, FER, FGR, FLNA, HNRNPC, LSP1, MYH9, MYO9B, RARA, ADAM17, TAF5, VASP, EZR, WAS, SPRY2, EFR3B, CLIC4, KLHL20, STOML2, CLIC5, KANSL2, PDXP, ABLIM2";"ATP12A, CAPZA2, GBP1, MSRA, FAM107A, SYNPO, ANLN, MPP4, ARSJ"
"GO:0000932";"P-body";1,42410373760488;10;0,0525;6,27012087717081e-07;3,28309775051735e-05;"CNOT3, ZFP36, SQSTM1, AGO2, YTHDF2, BTBD1, APOBEC3G, ZC3H12A, MEX3B, APOBEC3D, APOBEC3H, APOBEC3F, NANOS3";"IGF2BP1"
"GO:0005778";"peroxisomal membrane";1,48602129141379;10;0,02;6,29502461272378e-07;5,1611236308952e-06;"PEX1, PEX6, PXMP2, PEX3, PEX16, DECR2, FIS1, GDAP1, PEX26, USP30";"ABCD2, MPV17"
"GO:0005925";"focal adhesion";1,23280622061318;10;0,095251256281407;6,33454502364449e-07;7,11435264834767e-05;"PTK2B, ITGAV, MYH9, PLEC, MAPK1, MAP2K1, RSU1, SRP68, ADAM17, TLN1, VASP, EZR, MDC1, REXO2, GIT1, EVL";"HCK, ITGA1, ITGB6, MAPK3, RDX, NRP1, CORO2B, FERMT2, FAM107A, LIMS2, ENAH, TRPV4, TNS4"
"GO:0031463";"Cul3-RING ubiquitin ligase complex";1,34033292951048;9;0,0050251256281407;9,15778383938509e-07;0,0259977951367708;"TNFAIP1, SPOP, ENC1, KLHL21, GLMN, ZSWIM8, KLHL20, KLHL25";""
"GO:0005938";"cell cortex";1,57142481390883;10;0,165427135678392;1,05081641542287e-06;0,000240728725189486;"AKT2, CTNNB1, EPB41, MKLN1, MYH10, MYO9B, NCL, AKAP13, DBNL, STOML2, SPIRE2";"DCTN1, EPB41L2, EPS8, MELK, ANLN"
"GO:0055038";"recycling endosome membrane";1,77429318127821;10;0,0625;1,53959924173451e-06;0,000281997524998452;"RAB8A, RAP2A, BAIAP3, RAB11B, VAMP3, SCAMP2, OPTN, VTI1B, NEU3, RAB35, PACSIN2, CLIP3, EHD4, RAP2C, ATG9A, RAB11FIP4";"ABCB11, EHD3, EHD2"
"GO:0034774";"secretory granule lumen";1,20985804256698;10;0,125301507537688;1,68487819384166e-06;0,00013914485957598;"A1BG, ALDOC, C3, MAPK14, FGR, GSTP1, MIF, NFKB1, PKM, PSMA5, PSMD12, S100P, SRP14, VCP, PDXK, GMFG, HUWE1, CCT8, OSTF1, DBNL, CAB39, GHRL";"DEFA5, ATG7"
"GO:0005694";"chromosome";1,08231884057971;10;0,0829145728643216;1,71581616698877e-06;0,000318744166689778;"BRCA1, EMX1, NCL, CDYL, MDC1, EMG1, POLR1A, GNL3, SETD2, BRIX1, HORMAD1, NIFK, SPATA22, CDCA2, SYCE2, SYCE3";"BOP1, GET4, CDCA5"
"GO:0030054";"cell junction";1,50679363204646;10;0,0725;1,73983958124096e-06;5,39181570904566e-05;"AGER, CDK5, CTNNB1, DLG4, EPB41, FER, P2RX4, PRKCZ, CLDN9, DLG5, NAMPT, ABCA7, NCAPH2, COPS4, PAF1, CGN, SLC2A11, NACC1, CCDC88C, OCLN";"CDH5, DLG1, DPEP1, DTNA, EPB41L2, GJB3, ITGB6, CLDN11, PTPRK, RAB13, RAD51C, TSPAN1, FERMT2, ARHGEF18, MRPL46, RAB23, MAP1S, TBC1D2, ENAH, PLEKHA7, GPR142"
"GO:0000775";"chromosome, centromeric region";1,65379788883148;10;0,0625;1,83472952303575e-06;0,000417580106238225;"CENPA, DAXX, PPP2R5C, CTCF, SYCP3, C9orf78";"NDC80, ZNF330, CDCA5"
"GO:0045121";"membrane raft";1,25590250875391;10;0,100505050505051;2,7491355272039e-06;0,000110865449899727;"ATP2B4, BTK, CD79A, CTSD, CD55, FYN, LCK, LYN, MYO1C, PGK1, RAP1B, SLC1A2, ADAM17, TGFBR2, TNFRSF1B, ZAP70, TNFRSF10A, CLIP3, STOML2, ACE2, MYADM";"ADCY2, APP, LDHB, MME, TLR1, KCNE3, LAT"
"GO:0005764";"lysosome";1,32817965165222;10;0,0325753768844221;3,48405198024599e-06;0,00302016929862929;"CTSD, MTOR, GBA, HYAL1, PIP4K2A, LGMN, RAB27A, TRPM2, UVRAG, CXCR4, USP5, HYAL3, RNASET2, BCL10, RAB9A, TMEM59, PLEKHM1, NPC2, BBC3, VPS4A, TMEM97, ARL8B, VPS35, WDR45B, RRAGD, RRAGC, VPS16, CHID1, ITM2C, RFFL, DTX3L, SLC38A9, LAMTOR4";"ARSB, CTSS, GAA, HCK, HPS1, LAMP1, SFTPD, RAMP3, VPS41, LAPTM4B, UNC93B1, RAB7B"
"GO:0005793";"endoplasmic reticulum-Golgi intermediate compartment";1,86005386136148;10;0,0527777777777778;4,61960093415398e-06;1,6850133783118e-05;"CLN8, P4HB, GBF1, PROM1, SEC22B, IST1, YIF1A, LMAN2, TMED1, ERP44, CNIH4, TMED5, TMED9, RAB37";"FTCD, RGMB"
"GO:0072686";"mitotic spindle";1,26586998898212;10;0,125;4,86873595496575e-06;9,35236438791988e-05;"CDC42, EPB41, GOLGA2, KIF22, LIMK2, MAPK1, TFDP2, TUBB4B, TACC3, SPAG5, NUDC, EML2, TBL1XR1, FAM83D, TUBB, HEPACAM2";"DCTN1, TUBB2A, RACGAP1, EFHC1, RMDN2, TUBB8"
"GO:0000786";"nucleosome";1,31455729625066;10;0,0150505050505051;4,97026080527715e-06;0,0215170803429261;"CENPA, BRD8, SPHK2, EP400, MEAF6, EPC1";""
"GO:0005912";"adherens junction";1,4700425678502;10;0,0575;6,65397761184775e-06;4,9481254739828e-05;"SHROOM2, CTNNB1, FLOT2, SMAD7, TLN1, SH3BP1, SPTBN4, CDCA3, CCDC85C";"CDH5, FAT2, MYO1E, FERMT2, AJAP1, MPP4, TRPV4"
"GO:0005802";"trans-Golgi network";1,23835107617816;10;0,0100502512562814;7,25411416755217e-06;0,0186129883543787;"GBA, ATXN2, SORL1, GBF1, OPTN, CLIP3, KLHL20, YIPF1, WIPI1, WDR11, TBC1D23, CHID1, ATG9A, CHAC1, AZIN2";"GPER1, MME, OCRL, RAB13, TGFBI, CLTCL1, RGS20, NBEA, GOLT1A, RAB7B"
"GO:0031410";"cytoplasmic vesicle";1,29844752546327;10;0,0401005025125628;7,92688567128625e-06;0,0112948362024121;"ARHGDIG, CLCN3, FLOT2, HYAL1, RP2, SPAST, TESK1, CXCR4, AXIN1, HYAL3, ATP8A1, BICD2, RUSC1, SLC39A2, WDR11, TBC1D23, RIN3, ANP32E, AZIN2, OCLN";"DVL1, HPS1, MME, MMP14, RAB13, SLC1A3, NRP1, USP6NL, TBC1D2, NKD2, CMTM3"
"GO:0001725";"stress fiber";1,38561444739934;10;0,0778787878787879;8,9704620934084e-06;0,00114762344884314;"CNN2, MYH9, MYH10, MYO1C, DAAM1, FHOD1, MICALL2";"FAM107A, ABLIM3"
"GO:0031965";"nuclear membrane";1,31729595728452;10;0,110819247753921;9,09911800332306e-06;5,39683369389647e-05;"ALOX5AP, DUSP2, EMD, GCHFR, GLE1, GRK5, NR4A1, INPP4A, KPNB1, LMNB1, NUP98, RANGAP1, SPAST, XPO1, SLC30A1, CPNE1, WTAP, NOS1AP, ZBTB1, GTPBP4, TMEM97, MRPS23, RETSAT, TXLNG, RNF123, AEN, TMEM53, EPC1, TNRC18, TMEM18, CREB3L4";"CDH5, HOXA7, NRXN1, NUP93, SCRN1, NUP35"
"GO:0005844";"polysome";1,42410373760488;10;0,085213567839196;9,30332636830669e-06;0,000108475153979511;"DHX9, MYH10, ATXN2, AGO1, AGO2, EIF2AK4";""
"GO:0000151";"ubiquitin ligase complex";1,45202734030302;10;0,0577777777777778;1,0075830236816e-05;1,2886127267957e-05;"MKLN1, TRAF2, UBE2L3, SUGT1, YPEL5, DCUN1D1, RANBP10, RMND5A, BRCC3, TRAF7, RNF168";"UBE2D1, ASB1"
"GO:0030681";"multimeric ribonuclease P complex";2,84820747520976;10;0,0151134460179686;1,07447213074808e-05;0,0296831698090623;"RPP38, POP4, POP5";"POP1, RPP14"
"GO:0005819";"spindle";1,40219444933404;10;0,112788944723618;1,1962519260325e-05;8,06946572558491e-05;"CSNK1D, CTDP1, KIF20A, NUDC, KATNA1, MMS19, FAM83D, HEPACAM2, MZT1";"DCTN1, CLTCL1, AURKB, RACGAP1, MAP1S, KIF16B, CHAMP1"
"GO:0070847";"core mediator complex";1,09546441354222;10;0,0125505050505051;1,35865646616708e-05;3,41090712738261e-05;"MED14, MED26, MED29";"MED28, MED11"
"GO:0005665";"RNA polymerase II, core complex";1,31455729625066;10;0,0200502512562814;1,46422051128932e-05;5,33660386229472e-05;"POLR2E, POLR2G, POLR2I";""
"GO:0032039";"integrator complex";1,89880498347318;10;0,0501256281407035;1,46422051128932e-05;0,000123632104685497;"INTS9, INTS3, INTS5";"INTS1"
"GO:0031966";"mitochondrial membrane";1,27678266130093;10;0,0352647073752601;1,62862314700224e-05;0,0118595840347791;"NDUFA1, NDUFS3, OGDH, TMBIM6, VDAC1, ABCB8, VPS13A, TMEM70";"BNIP3, GPER1, NDUFA13, MFF, ATCAY"
"GO:0000307";"cyclin-dependent protein kinase holoenzyme complex";1,89880498347318;10;0,055;1,63331377933126e-05;0,000282016238582794;"CCNC, CDK2, CDK5, CDK16, CCNL2";"CCND1"
"GO:0031519";"PcG protein complex";1,08503141912753;10;0,01;1,87438208331696e-05;0,00993499652939542;"SKP1, PCGF5, KDM2B";"SCML2"
"GO:0035267";"NuA4 histone acetyltransferase complex";1,1992452527199;8;0,0200502512562814;2,09105569635064e-05;0,0019093208739088;"BRD8, EP400, MEAF6, EPC1";""
"GO:1990391";"DNA repair complex";1,89880498347318;10;0,1325;2,17716000688859e-05;0,00135233664072466;"BRCA1, KDM1A, RCOR1";"BRCA2"
"GO:0005768";"endosome";1,17183393265773;10;0,0527638190954774;2,19852824584302e-05;0,00927246576752884;"CDK2, ECE1, FLOT2, FYN, IL2RB, IL2RG, IL15RA, JAK1, JAK3, PI4KB, PLD1, PKN1, RAB5B, SORL1, SPAST, TNFAIP1, EZR, ABCG1, ABCB6, VPS4A, ATP6V0A4, VPS28, LEPROT, VPS35, ATG9A, SYT3, RAB11FIP4";"ANXA1, APP, CTSE, ABCB11, RAB11FIP2, LAPTM4B, KIF16B, UNC93B1, CLEC18C"
"GO:0016363";"nuclear matrix";1,57142481390883;10;0,100263819095477;2,30669645443449e-05;0,000447080828850084;"BLM, ERCC8, DNMT3A, ATN1, LMNA, MBD1, DCAF7, AKAP8, PHB2, SCAF8, KIN, CLIC4, AKAP8L, UHRF1, SPTBN4";"SPARC"
"GO:0005840";"ribosome";1,51904398677854;10;0,0226130653266332;2,52725031398315e-05;0,00998807143665747;"NCK1, RPS19, RRBP1, SRP68";""
"GO:0031464";"Cul4A-RING E3 ubiquitin ligase complex";1,55356771375078;10;0,0175757575757576;2,58788130272871e-05;0,0415442556386147;"ERCC8, GLMN, DET1";""
"GO:0016328";"lateral plasma membrane";1,69352876904364;10;0,12;2,64892610963907e-05;4,9481254739828e-05;"CTNNB1, MARK2, MYO1C, TBCD, AXIN1";"ANK3, ANXA1, DVL1, PTPRO, RAB13, NKD2"
"GO:0035770";"ribonucleoprotein granule";2,07142361833437;10;0,0628140703517588;2,66395422804248e-05;0,000171272890544746;"GRSF1, HNRNPL";"TRUB2, DDX28"
"GO:0031234";"extrinsic component of cytoplasmic side of plasma membrane";1,84748592986579;10;0,092979797979798;3,01612887834779e-05;0,000803596474996197;"DLG4, FER, KRAS, CDK16, CYTH1, OSBPL2, PLEKHA4";"HCK, KCNAB1, FERMT2, RACGAP1, ERRFI1"
"GO:0044297";"cell body";2,46844647851513;10;0,1325;3,21706676938138e-05;0,00276106690946463;"PTK2B, FYN, KCNJ10, P2RX4, SLC1A2, STAU1, PITPNM1, PGRMC1, PINK1, TUBB";"ACTA2, FCGR2B, RNF157"
"GO:0031982";"vesicle";1,74690058479532;10;0,0751884422110553;3,34984422943474e-05;0,00107502845796219;"BIN1, CD81, ECE1, FLOT2, PRKCZ, PICALM, VTI1B, DCTN2, LAMP3, LGR6, NOD2, SLC26A6, RIN3, RAB39B, SLC30A7";"DYNC1I2, KCNN4, RAB4A, NRXN1, KCNE3, TSPAN1, ALS2, LZTS2"
"GO:0030425";"dendrite";1,49905656589988;10;0,0350879396984925;3,76291912847436e-05;0,00436297178043419;"BIN1, C4A, CDK5, MARK2, PTK2B, FYN, GCHFR, HTT, INPP5A, KCNB1, PRKAA1, RAB27A, STAU1, WFS1, CRIPT, HDAC6, CYP46A1, CPEB3, RIN3, TMEM222, AZIN2, CNIH2";"ADCY2, ANK3, BNIP3, CHRNA3, GPER1, MME, ARHGAP44, KCNE3, NLGN1, MAP1S, SLC4A10, DIP2B, ALS2, MLPH, KIRREL3, ATCAY, SLC32A1, DHX36"
"GO:0005777";"peroxisome";1,30952067825736;10;0,01;3,85968243248037e-05;0,00238612665502958;"ACAA1, CRAT, MVD, PEX1, PEX6, PHYH, ACOX3, PEX3, PEX16, MGAT4A, HACL1, FIS1, PEX26, LACC1";"ABCD2, IDE, MPV17, MFF, MUL1, KCNIP4"
"GO:0016442";"RISC complex";1,51904398677854;10;0,0827010050251256;4,18134310735661e-05;9,99711819738849e-05;"DHX9, AGO1, AGO2, AGO3";""
"GO:1990062";"RPAP3/R2TP/prefoldin-like complex";1,70892448512586;10;0,025;4,20294801522172e-05;0,000920477126954318;"POLR2E, UXT";"PDRG1"
"GO:0030127";"COPII vesicle coat";1,89880498347318;10;0,0427020202020202;4,26572616530086e-05;4,30102762331893e-05;"SEC24B, SEC24A, SAR1A";"SEC24D"
"GO:0030008";"TRAPP complex";3,10713542750156;10;0,015;4,26572616530086e-05;0,00934154176423055;"TRAPPC2, TRAPPC10, TRAPPC8, TRAPPC3, TRAPPC11";"TRAPPC3L"
"GO:0035371";"microtubule plus-end";1,42410373760488;10;0,03;4,45165406931863e-05;0,00503481956304573;"SPAG5, NCKAP5L";"DCTN1, CLIP1"
"GO:0031901";"early endosome membrane";1,17451854647825;10;0,0125251256281407;4,5065653256355e-05;0,0364638083874128;"MR1, KIR2DL4, LLGL1, RAB5B, BAIAP3, ABCB6, VTI1B, NEU3, INPP5F, CLIP3, RABGEF1, PMEPA1, ZFYVE28, WNT3A";"ANXA1, EPHB1, RAB4A, DKK1, DNAJC13, VAC14"
"GO:0005770";"late endosome";1,56942044552375;10;0,0601381909547739;5,17759690627228e-05;0,00208748862917792;"CLCN3, F2R, HTT, MAPK1, MAP2K1, LGMN, RAB27A, UVRAG, CXCR4, RAB9A, TMEM59, VAMP5, VPS4A, SDF4, VPS16, VPS33A, CHID1, ATG9A, ANKRD13B, SLC38A9";"CTSS, LAMP1, MAPK3, CLTCL1, RAPGEF2, VPS41, RAB7B"
"GO:0043240";"Fanconi anaemia nuclear complex";2,84820747520976;10;0,0175376884422111;5,32755490069504e-05;0,0132663779544102;"FANCA, FANCB, FANCG";"FANCL"
"GO:0000791";"euchromatin";1,79886787907985;10;0,115288944723618;5,72062290294944e-05;6,43621188747697e-05;"CREB1, CTNNB1, DNMT3A, EXOSC10, SP1, ELL, ICE1, UHRF1, SETD5";"PSIP1, ANKRD2, TRNP1"
"GO:0016592";"mediator complex";1,49905656589988;10;0,01;5,85440949202483e-05;0,000169568465513694;"MED14, MED26, THRAP3, MED29";"MED11"
"GO:0005765";"lysosomal membrane";1,06204346533245;10;0,0225502512562814;6,14077031701717e-05;0,00287268872617881;"AP1B1, ANXA6, CLCN3, CTSD, MTOR, GBA, LYN, GPR137B, TRPM2, UBA1, TFEB, LITAF, ABCB6, VTI1B, NEU3, VPS13A, TECPR1, TM6SF1, ARL8B, LMBRD1, TMBIM1, SLC15A4, SLC38A9, CYB561A3, GPR137C, LAMTOR4, OCLN";"LAMP1, AP1M1, SPAG9, VPS41, SLC38A7, LAPTM4B"
"GO:0000124";"SAGA complex";1,89880498347318;10;0,015;6,81271418623544e-05;0,00289522785687259;"KAT2A, TADA2A, USP22, ATXN7L3";"SUPT7L"
"GO:0070062";"extracellular exosome";1,21718268171357;10;0,0201512613572915;7,29271985886111e-05;0,000353996428289781;"FASLG, CD81, ICAM1, YBX1, QSOX1, RAB5B, PMEL, WNT6, PROM1, ABCB6, AGO2, WNT3A, MIRLET7A1, MIRLET7F1, MIR22, MIR27A, MIR9-1";"ANXA1, BHMT, CD9, IDE, RAB4A, SLC12A1, WNT7B, MIRLET7B"
"GO:0045335";"phagocytic vesicle";1,60668113986192;10;0,03;9,06021494421758e-05;0,00119792885862735;"FMNL1, CLCN3, MTOR, ITGAV, RAB8A, RAB11B, RAB9A, NOD2";"CTSS, RAB23, RAB7B"
"GO:0031462";"Cul2-RING ubiquitin ligase complex";2,49218154080854;5;0,005;9,58042808392096e-05;9,90940234998729e-05;"ZER1, GLMN, KLHDC10, FEM1A, FEM1C, KLHDC3";"APPBP2"
"GO:0031011";"Ino80 complex";1,13928299008391;8;0,0075;9,64260968833608e-05;0,0319884143956001;"INO80D";"INO80, INO80C"
"GO:0071006";"U2-type catalytic step 1 spliceosome";1,89880498347318;10;0,0925;0,000102779486664698;0,0185637078841974;"PRPF8, SNRNP200";"CWC22"
"GO:0035578";"azurophil granule lumen";1,21608858492102;10;0,08;0,000103754935093777;0,00254758120931679;"C3, FUCA1, GM2A, HEXB, MAPK1, VCP, RNASET2, CREG1, PRDX6, IST1, TUBB4B, NPC2, CCT8, TUBB";"ARSB, DYNC1H1, ORM2, PRTN3, STK11IP"
"GO:1990907";"beta-catenin-TCF complex";2,84820747520976;10;0,025;0,000104075879756212;0,039368716042372;"CTNNB1, LDB1, PYGO2, BCL9L";"TCF4"
"GO:0005811";"lipid droplet";1,12323675078695;10;0,0804020100502513;0,00010520859955852;0,00220686223155016;"ACSL3, LSS, RAP1B, VCP, OSBPL2, BCAP31, VPS13A, NSDHL, RAB40C, LPCAT1";"CLDN11, TRAF6, METTL7A, G0S2"
"GO:0001650";"fibrillar center";1,23835107617816;10;0,015;0,000107414104187673;0,0287477809176235;"AGER, SMAD7, NFKBIE, SNAI1, TCOF1, TXNRD1, UBTF, EZR, KDM4A, IP6K1, DDX46, TIMM44, DEAF1, RPP38, MALT1, AKNA, RPAIN, BTBD10, MBD6, JAZF1, ZNRF2";"NFIB, TAF4B, DUSP11, RAE1, TAF1C, POLR1C, UBD, TRERF1, RERG"
"GO:0005681";"spliceosomal complex";0,569641495041953;10;0,0275;0,000114316690471085;0,00616420355495445;"HNRNPC, SNRPD2, SNRNP200";"CDC5L, CWC22"
"GO:0005758";"mitochondrial intermembrane space";1,13928299008391;10;0,0100251256281407;0,000114690942105746;0,0407730473207111;"AK2, NME4, ARL2BP, REXO2, STOML2, CHCHD2, DIABLO, PINK1, PANK2, CLPB";""
"GO:0045171";"intercellular bridge";1,38936950010232;10;0,100276381909548;0,000114803019452355;0,00115345615517231;"EPB41, QSOX1, KIF20B, PARP3, KIF20A, TUBB4B, RAB35, CEP131, NCAPH2, RMDN3, PCIF1, SNRNP25, USB1, FAM83D, TUBB";"DCTN1, TUBB2A, DUSP11, EHD2, TUBB8"
"GO:0001772";"immunological synapse";1,95814263920671;10;0,0827010050251256;0,000126568960712193;0,00179620512178589;"ATP2B1, CD37, CD81, GZMA, LCK, MYH9, EZR, STOML2";"ALCAM, DLG1, LAT"
"GO:0016324";"apical plasma membrane";1,24230326046383;10;0,0375;0,000126568960712193;0,0116710391660173;"AGER, SHROOM2, FLOT2, ABCB1, PLD1, SLC2A1, ADAM17, EZR, SLC7A5, SLC23A2, NAALADL1, SLC38A3, ATP6V0A4, STK26, CDHR5, ACE2, SLC26A6, SLC34A3, SLC29A4";"ANXA1, AQP5, ATP12A, ATP6V1B2, ABCC2, DPP4, FOLR1, KCNMA1, CEACAM6, PDGFRB, PTPRO, RDX, SLC2A2, SLC12A1, SLC22A1, ABCB11, MGAM, RAPGEF2, ABCC4, P2RX2, SLC4A10, SLC4A5"
"GO:0030659";"cytoplasmic vesicle membrane";1,89880498347318;10;0,0150376884422111;0,000130950468399723;0,0180054212430416;"AP1B1, HTT, TRPM2, SLC30A1, SH3BP5, MFSD10, VAMP5, SPIRE2, ZNRF2";"AQP5, GPER1, RAB4A, AP1M1, APPBP2, RAB11FIP2"
"GO:0005856";"cytoskeleton";1,08974894703678;10;0,115276381909548;0,000139747254542842;0,00388041278090157;"BIN1, SHROOM2, CASP8, CR1, FGR, ITPKB, LLGL1, P4HB, MAPK1, SYN1, UXT, LRRFIP1, SPRY2, TUBB4B, STOML2, NOD2, PINK1, ZC3H12A, TUBB";"HSPB1, MYO1E, MAPK3"
"GO:0140672";"ATAC complex";1,89880498347318;10;0,015;0,000147040363663306;0,0457959365300387;"KAT2A, TADA2A, ZZZ3";"POLE4"
"GO:0048188";"Set1C/COMPASS complex";1,42410373760488;7;0,005;0,000147040363663306;0,049836551641088;"CXXC1";"SETD1A, BOD1L1"
"GO:0009925";"basal plasma membrane";1,4700425678502;10;0,0451005025125628;0,000150926896111364;0,00236524132056754;"CD81, MYO1C, SLC1A5, SLC7A5, OSCP1";"ANK3, CHRM3, SLC1A3"
"GO:0035579";"specific granule membrane";1,53611189674234;9;0,0101010101010101;0,000165094463692564;0,0222636065883161;"BST1, CYBA, ITGAM, ITGAV, LAIR1, PLAUR, PLD1, PTPRB, TNFRSF1B, TRPM2, ATP8A1, PGRMC1, TMBIM1, DNAJC5, TSPAN14, HVCN1, SLC15A4, MOSPD2, RAB37, SLCO4C1";"FPR2, OLR1, AP1M1, MMP25"
"GO:0043202";"lysosomal lumen";1,13928299008391;10;0,02;0,000186138447493525;0,0018484668082121;"CTSD, FUCA1, GBA, GM2A, HEXB, HYAL1, LGMN, PPT2, NPC2, CHID1, GPC2, AGRN";"ARSB, BGN, CTSS, GAA, GPC6"
"GO:0005657";"replication fork";2,34558262664333;10;0,0852010050251256;0,0002058639687659;0,00049069444936654;"BLM, PCNA, XRCC3, UHRF1";"BCL6, RAD51C, RAD18"
"GO:0043025";"neuronal cell body";1,46061921805629;10;0,0401005025125628;0,000208454724051519;0,0163096483472981;"C4A, CDC42, CDK5, PTK2B, PRKAA1, RAC3, PICALM, CRIPT, VTI1B, PGRMC1, SPTBN4, RIN3, SLC38A1, GRIN3B";"CACNA1A, CHRNA3, DCTN1, KIF5C, MME, SLC1A3, ZPR1, NRXN1, RAPGEF2, P2RX2, MAP1S, SLC38A7, SLC4A10, MUL1, EFHC1, DAB2IP"
"GO:0042405";"nuclear inclusion body";2,27856598016781;10;0,0453403380539059;0,000214380658536861;0,00876226824699729;"NBN, NUP98, PABPN1";"RAD18"
"GO:0035577";"azurophil granule membrane";1,69893077468653;10;0,0350753768844221;0,000224276245962765;0,00526988619639773;"DDOST, B4GALT1, PIGR, PRCP, RAP1B, CPNE1, RAB3D, ATP8A1, LPCAT1, DNAJC5, RAB37, SLCO4C1";"GAA, LAMP1, CEACAM6, DNAJC13, NFAM1"
"GO:0005875";"microtubule associated complex";1,81249566604258;10;0,097751256281407;0,000252750721866334;0,000409493250447183;"STAU1, HDAC6, ACTR1A, RABGAP1, EML2";"DCTN1, APPBP2"
"GO:0005905";"clathrin-coated pit";1,96428101738604;10;0,040302522714583;0,000264824845255168;0,00957734659955259;"DNM2, EPS15, PICALM, DGKD, FCHSD2, RAB35, INPP5F, REPS1";"CLTCL1, SGIP1"
"GO:0012507";"ER to Golgi transport vesicle membrane";1,13928299008391;10;0,0150376884422111;0,000269589784221159;0,0289861469220748;"SEC22B, SEC24B, SEC24A, SLC30A5, MCFD2, CNIH2";"FOLR1, SEC24D, CNIH3"
"GO:0032588";"trans-Golgi network membrane";1,0759894906348;10;0,03;0,000279517386591595;0,00157258745726792;"AP1B1, LLGL1, RAB8A, ST3GAL1, BAIAP3, VAMP3, RAB9A, SCAMP2, MMP24, CLIP3, SLC30A6, LGR6, COG8";"APP, HTR7, AP1M1, USP6NL"
"GO:0036064";"ciliary basal body";1,25978407557355;10;0,0651633165829146;0,000289363459907083;0,00041592586443186;"CSNK1D, GLE1, RAB8A, PIN1, RP2, OFD1, SSNA1, DLG5, HDAC6, CEP131, DAAM1, WDR11, CAMSAP3, JADE1, ARMC9, CEP78, IFT20, TTLL6";"BBS2, ERC1, POC1A, FANK1, BBS5"
"GO:0071944";"cell periphery";1,38561444739934;10;0,0977261306532663;0,000290723978091878;0,000952209347384407;"CTNNB1, RAC3, EZR, ARHGEF5, AXIN1, PHB2, STK26";"RDX, NKD2"
"GO:0035097";"histone methyltransferase complex";1,42410373760488;9;0,0100502512562814;0,000291906015591261;0,0404897769916033;"JARID2, PRMT5, CXXC1";"HDAC9, SETD1A"
"GO:0000118";"histone deacetylase complex";1,5336501789591;10;0,1275;0,000295264289073756;0,00135202661792221;"HDAC1, HDAC4, HDAC6, SIN3A, TBL1XR1, ZNF541";"HDAC9"
"GO:0030139";"endocytic vesicle";1,60668113986192;10;0,0375;0,000325606717631124;0,0112304088836308;"FLOT2, PLD1, LPAR2, SH3KBP1, RIN3, RAB11FIP4";"DPP4, RAB13, SFTPD, RAPGEF2, DAB2IP"
"GO:0034451";"centriolar satellite";1,27201498892863;10;0,03;0,000328402022558773;0,00212734722181639;"IL4R, NEK1, OFD1, DLGAP5, TACC3, PIBF1, SPAG5, NUDT21, CNTRL, CEP131, PIK3R5, YTHDF2, LRIF1, MDM1, CENPU, HARBI1, CCDC18";"SPAG9, PDZD2, AK5, IFT43, CCDC112, CLECL1"
"GO:0016581";"NuRD complex";1,42410373760488;10;0,0927261306532663;0,00034291311047054;0,00499261773011467;"CHD4, HDAC1, GATAD2A";""
"GO:0005923";"bicellular tight junction";1,44535901727063;10;0,0150376884422111;0,000353651751254801;0,0260978882072693;"SHROOM2, TBCD, CLDN9, CYTH1, SH3BP1, CGN, RAP2C, MICALL2, OCLN";"ANK3, DLG1, CLDN11, RAB13, YBX3, CLDN2, CLDN1, RAPGEF2"
"GO:0071339";"MLL1 complex";0,7350212839251;8;0,0050251256281407;0,000363325814236014;0,0219467739430475;"E2F6, PRPF31, C17orf49";"INO80C"
"GO:0032154";"cleavage furrow";1,89880498347318;10;0,0275628140703518;0,000393887326820002;0,0165198321128961;"MYH9, MYH10, PKN1, PSD, STAMBP, PDXP, RAB11FIP4, SPIRE2, ZFYVE19, ANKRD45";"RACGAP1"
"GO:0070971";"endoplasmic reticulum exit site";1,6754161618881;10;0,02;0,00041653662775439;0,000462078324530083;"VAPB, TMED5, MIA3";"MIA2, SEC16B"
"GO:0008180";"COP9 signalosome";1,22066034651847;10;0,015;0,000437221584098074;0,000531532773719521;"COPS7A, COPS4";"LAT"
"GO:0000792";"heterochromatin";1,59499618611747;10;0,0351758793969849;0,000539095771503623;0,00156030229341179;"ORC2, SUV39H1, UBA1, ZBTB18, UHRF1";"FOXC1, BEND3"
"GO:0101031";"chaperone complex";0,949402491736588;10;0,025;0,000570770576932904;0,0151396304333835;"STIP1, SDF2L1";"PPP5C, BAG3"
"GO:0055037";"recycling endosome";1,5336501789591;10;0,0250628140703518;0,000576267245007008;0,0128708761421132;"CLCN3, RAP2A, SORL1, TUBA1A, ULK1, RAB11B, VAMP3, ABCG1, VTI1B, INPP5F, AVL9, TBC1D14, VPS16, ATG9A, MICALL2";"APP, GPER1, RAB13, CLTCL1, ABCB11, TUBGCP4"
"GO:0016235";"aggresome";2,01049939426572;10;0,085213567839196;0,00058097249666917;0,0139268955938176;"EPS15, FGR, RANGAP1, CPNE1, EDEM1, URB2, HDAC6, ZDHHC17";"HOXC9, HOXD3, BAG3, UBD"
"GO:0030027";"lamellipodium";1,07112075990795;10;0,03;0,000590058244337718;0,00269402654516116;"AIF1, PTK2B, FER, FLOT2, P4HB, RAC2, DGKZ, SH3BP1, DBNL, EVL, PDXP, SPATA13, FGD2";"ACTA2, DPP4, PTPRO, RAB13, RDX, UNC5C, ABLIM3, ALS2, TRPV4"
"GO:0000123";"histone acetyltransferase complex";1,49905656589988;10;0,00752525252525253;0,000636748215469302;0,0466670763689785;"KAT2A, BRPF3, KANSL2, MEAF6, JADE1";""
"GO:0005911";"cell-cell junction";1,20501085489644;10;0,035;0,000651730647333863;0,00325215598284593;"CNN2, CTNNB1, FLNA, PRKCZ, RAP1B, ADAM17, SDCCAG8, CADM1, CLIC4, LIN7C, CDH24, MICALL2, MYADM, OCLN";"CDH5, DLG1, NPHP1, PTPRK, CLDN2, RAPGEF2, PDZD2, HEPACAM"
"GO:0016234";"inclusion body";1,13928299008391;10;0,0875;0,000729806878842835;0,00339750031799952;"HTT, SQSTM1, HDAC6";""
"GO:0030424";"axon";1,39046349183469;10;0,097979797979798;0,000732872853773851;0,00138172155105617;"BIN1, C4A, CDK5, HTT, KCNB1, LLGL1, PRKAA1, SPAST, SSNA1, HDAC6, PARK7, GHRL, PINK1, RIN3, AZIN2";"ALCAM, APP, GPER1, MME, CLDN11, PTPRO, NRP1, ZPR1, SLC38A7, DIP2B, MUL1, KIRREL3, ATCAY, DAB2IP, DHX36, HEPACAM"
"GO:0030864";"cortical actin cytoskeleton";1,97183594437599;10;0,0602777777777778;0,000815870113384316;0,00246767398971644;"SHROOM2, FLOT2, LASP1, LLGL1, SLC2A1, AKAP13, MYADM";"RDX, TRPV4"
"GO:0022627";"cytosolic small ribosomal subunit";0,651018851476517;10;0,0175376884422111;0,000832585244808429;0,00998807143665747;"RPS12, RPS17, RPS19";"RPS27"
"GO:0034709";"methylosome";0,949402491736588;10;0,01;0,000951845083745453;0,044334318679888;"SNRPD2, PRMT5";""
"GO:0005902";"microvillus";1,50787454569929;10;0,045;0,000973079982482305;0,00940571755947492;"MYO1C, SPN, TGFB1, VCAM1, EZR, CLIC4, ESPN";"MYO7B, RDX"
"GO:0019005";"SCF ubiquitin ligase complex";0,589284305215813;10;0,015;0,000988181368505303;0,0155219312270462;"SKP1, SKP2";"FBXL5"
"GO:0005604";"basement membrane";1,06807780320366;10;0,01;0,00101222839964107;0,0348242790706789;"LAMA5, AGRN";"COL4A3, LAMA2, LAMA4, LOXL2"
"GO:0000407";"phagophore assembly site";1,75274306166755;10;0,0100251256281407;0,00133161161822591;0,0110906161148109;"ULK1, WIPI1, WDR45B, ATG9A";""
"GO:0035580";"specific granule lumen";1,58752547798577;10;0,0201005025125628;0,00140977080877583;0,0293164310695035;"ACAA1, CNN2, CTSD, KPNB1, LCN2, NFKB1, CFP, QSOX1, PTPN6, RAB27A, PDXK, ERP44, QPCT, GSDMD";"ORM1, ORM2, TCN1"
"GO:0072546";"EMC complex";1,13928299008391;5;0,0050251256281407;0,00144023258678367;0,034902762263607;"EMC9";"EMC4"
"GO:0044754";"autolysosome";1,13928299008391;10;0,00751256281407035;0,0014669254836899;0,0488872007602427;"SQSTM1, PLEKHM1";""
"GO:0043235";"receptor complex";1,28896980629931;10;0,015;0,00151377876189419;0,028638401235284;"ACVR1B, CD8A, CR1L, IL4R, KLRC1, KLRC2, LEPR, LRP1, PIGR, PTPRB, TGFBR2, TGFBR3, LRP8, NR1H3, RAMP1";"APP, BMPR1B, GHR, GPR20, ITGB6, OLR1, TLR1, TLR4, NRP1, GPR37L1, RAMP3, NLGN1, P2RX2, LRP1B, PLXDC1, LOXL4"
"GO:0030175";"filopodium";1,11149560008186;10;0,035;0,00173800840926355;0,00338934511674596;"CDC42, VCAM1, EZR, SPATA13";"ACTA2, RDX, UNC5C, TRPV4"
"GO:0097431";"mitotic spindle pole";1,60211670480549;10;0,0200502512562814;0,00190504236220106;0,0267449097706507;"KIF20B, SPAG5, KATNA1, GIT1, YPEL5, RMDN3, FAM83D";"RAE1, RMDN2"
"GO:0005801";"cis-Golgi network";1,55356771375078;4;0,00501256281407035;0,00191120809090652;0,0441331325362462;"GOLGA2, GBF1, TMED5, IFT20, AZIN2";"FKTN"
"GO:0031252";"cell leading edge";1,42410373760488;10;0,0651633165829146;0,00198995823885539;0,013159018857604;"MYH9, CXCR4, GBF1, LDB1, HDAC6, SH3BP1, OCLN";"LDB2"
"GO:0000793";"condensed chromosome";1,00524969713286;4;0,00501256281407035;0,00219734907102411;0,0344599497025731;"CTCF, L3MBTL1";"CHAMP1"
"GO:0045202";"synapse";1,55973266499582;10;0,0175376884422111;0,0022196214156546;0,0345946870180489;"ACHE, C4A, CTNNB1, DLG4, PGRMC1, CPEB3, PACSIN1, CABP4, NLGN2, AGRN";"APP, DVL1, MME, RAPGEF2, FAM107A, NLGN1, ERC1, PCLO, SDK2, MAP1S, SLC4A10, ATCAY, SDK1"
"GO:0033276";"transcription factor TFTC complex";1,22066034651847;6;0,0125505050505051;0,0022477451395778;0,0293484997169286;"KAT2A, TAF5";"TAF2"
"GO:0005852";"eukaryotic translation initiation factor 3 complex";0,813773564345647;1;0,005;0,00230420992930523;0,00230420992930523;"EIF3J, EIF3L";""
"GO:0033116";"endoplasmic reticulum-Golgi intermediate compartment membrane";1,39504039602111;8;0,01;0,00232215007336072;0,0217521248929586;"CSNK1D, CD55, GOLGA2, TAPBP, UVRAG, SEC22B, TMED9, MCFD2, AZIN2, CNIH2";"FOLR1, CNIH3"
"GO:0035145";"exon-exon junction complex";1,13928299008391;9;0,005;0,0023507878370102;0,0262835145690401;"UPF2, CCDC9";""
"GO:0098978";"glutamatergic synapse";1,18675311467073;10;0,025;0,00237568927652596;0,0107395483197803;"BCR, NPTX1, PIN1, RAC3, NOS1AP, NPTXR, WNT3A";"OPHN1, TRIO, ARHGAP39"
"GO:0030126";"COPI vesicle coat";0,949402491736588;9;0,005;0,00242121781376916;0,0039801163147426;"COPE, COPZ2";""
"GO:0071782";"endoplasmic reticulum tubular network";1,75274306166755;10;0,025;0,00242121781376916;0,0162955111574386;"KPNB1, RNF41, ARL6IP1, RTN4";""
"GO:0051233";"spindle midzone";1,89880498347318;10;0,0326515151515152;0,00258330895635315;0,0133787216268293;"CDC42, CTDP1, KIF20B, CCDC69, ARL8B";"RACGAP1"
"GO:0005845";"mRNA cap binding complex";1,70892448512586;10;0,0325;0,00261276527891012;0,0262835145690401;"NCBP1, AGO2, EIF4E1B";""
"GO:0001726";"ruffle";0,949402491736588;10;0,0150753768844221;0,00268930687919792;0,00340561220633857;"AIF1, MKLN1, MYH9, TLN1, EZR, DBNL, MYADM, ARHGAP18, FGD2";"ALS2"
"GO:0043596";"nuclear replication fork";1,55356771375078;10;0,02;0,00285767820933789;0,0437650281552421;"PCNA, CARM1, ZMIZ2";""
"GO:1904724";"tertiary granule lumen";1,55356771375078;7;0,005;0,00293295605067552;0,0473142347942136;"ALDOC, CNN2, CTSD, CFP, QSOX1, PTPN6, QPCT, DBNL, YPEL5, GSDMD";"CST3, CTSS, ORM1, TCN1, METTL7A"
"GO:0008250";"oligosaccharyltransferase complex";1,31455729625066;10;0,0200502512562814;0,0030029658595272;0,00667399467961805;"DDOST, STT3B";"KRTCAP2"
"GO:0032587";"ruffle membrane";1,8309905197777;10;0,015;0,00337356174981318;0,0171952677837515;"AIF1, AKT2, BMX, FGR, ITGAV, PLCG2, PLEK, PSD, ADAM17, ABCA7, PACSIN1, EPS8L1, PDXP, SPATA13";"EPS8, FAM107A, KANK1, TRPV4"
"GO:0043197";"dendritic spine";1,22066034651847;10;0,0100251256281407;0,00357715439857047;0,0283628845690646;"CDC42, DLG4, PRKAR2B, CRIPT, SHANK1, CNIH2";"APP, CAMK2A, FCGR2B, PTPRO, SYNPO, NLGN1"
"GO:0031089";"platelet dense granule lumen";2,84820747520976;10;0,01;0,00373915162034683;0,0362607033514801;"ECM1, FAM3C";"ITIH4, LGALS3BP, TIMP3, CLEC3B"
"GO:0000159";"protein phosphatase type 2A complex";1,03571180916719;10;0,01;0,00378300510588423;0,00409193246635954;"PPP2R5A, PPP2R5C";""
"GO:0030136";"clathrin-coated vesicle";1,13928299008391;6;0,00503781533932288;0,00380198869542651;0,0389487622166811;"PICALM, VAMP3, LMBRD1";"OCRL, CLTCL1, VPS41, SGIP1"
"GO:0005776";"autophagosome";1,45722242917709;10;0,0325753768844221;0,00403747313494754;0,0321430051378468;"HTT, PIP4K2A, ULK1, SQSTM1, TBC1D14, VPS33A, ATG16L2, OSBPL7";"RAB23, RUFY4, MAP1LC3C"
"GO:0005791";"rough endoplasmic reticulum";1,08503141912753;10;0,00502525252525253;0,00407523958064641;0,0429436258258323;"PKM, TMEM97, ZC3H12A";"SEC62"
"GO:0000178";"exosome (RNase complex)";1,31455729625066;10;0,0050251256281407;0,00440405739367643;0,0421285614958998;"EXOSC10, DIS3, EXOSC2";""
"GO:0043198";"dendritic shaft";1,89880498347318;6;0,00501256281407035;0,00501927361052536;0,0435354513025733;"PRKAR2B, CRIPT, CNIH2";"APP, GPER1, CNIH3"
"GO:0030315";"T-tubule";1,48602129141379;10;0,0201005025125628;0,00592977725965619;0,0131396774887748;"BIN1, ATP2B4, CAPN3, SLC30A1, NOS1AP";"ANK3"
"GO:0030018";"Z disc";1,08035455956232;10;0,015;0,00592977725965619;0,0121803992976951;"BIN1, ATP2B4, CAPN3, FKBP1B, FLNA, PPP2R5A, NOS1AP, OBSL1";"ANK3, CACNA1D, RYR2"
"GO:0120103";"centriolar subdistal appendage";1,13928299008391;10;0,025;0,00595031947009394;0,026337400214677;"CNTRL";"DCTN1"
"GO:0005839";"proteasome core complex";0,670166464755238;10;0,01;0,00595557267745629;0,0442132871272126;"PSMA5, PSMB6";""
"GO:0015030";"Cajal body";1,25043255009209;8;0,01;0,00613909912243685;0,0471566921544003;"CDK2, ISG20, ELL, ICE1, PRPF31, LSM10, ANGEL2";"ZPR1, LSG1"
"GO:0090734";"site of DNA damage";0,589284305215813;6;0,005;0,00621916928119429;0,00824012358657464;"RPA1, PARP9, APLF";""
"GO:0030666";"endocytic vesicle membrane";1,12323675078695;10;0,025;0,006395941118479;0,0133619099833603;"AP2A1, CAMK2G, DLG4, DNM2, LRP1, LYN, WNT6, SCARF1, CACNG3, ACE2, WNT3A";"CAMK2A, CD9, WNT7B"
"GO:0005903";"brush border";1,66145436053903;4;0,005;0,00700077330984735;0,00861291687687908;"RALGDS, EZR, ESPN";"MME, MYO7B, PLS1, SOAT2"
"GO:0044233";"mitochondria-associated endoplasmic reticulum membrane";0,899433939539925;10;0,025;0,00703740245922148;0,0148779858945069;"BCAP31, VPS13A, MBOAT7";""
"GO:0030133";"transport vesicle";1,28369914375651;10;0,02;0,00709829565473977;0,0408468039446729;"CD55, VAMP3, RAB9A, SEC22B, COPE, BLOC1S6, COPZ2, YIPF1, TMED9, AZIN2";"BGN, EDN1, FOLR1, YIPF3, TMEM168, GALNT15"
"GO:0043204";"perikaryon";1,32916348843122;6;0,00502525252525253;0,00714352036535046;0,0302963140372741;"KCNB1, HDAC6, AZIN2";"ZPR1, KCNE3, DIP2B, DHX36"
"GO:0043005";"neuron projection";1,17279131332167;10;0,01;0,00777435893871589;0,0203653486539253;"CDC42, CDK5, RAC3, SYP, PGRMC1, CPEB3, UNC13A, SHANK1, MICALL2, RAB39B";"ANK3, DCTN1, DVL1, PTPRO, RAB13, SLC1A3, NRP1, RAPGEF2, FAM107A, ATCAY, SLC32A1"
"GO:0000421";"autophagosome membrane";0,918776604906375;10;0,005;0,00810401462857629;0,0191252900284383;"UVRAG, TECPR1, WIPI1, ATG9A";"MAP1LC3C"
"GO:0014704";"intercalated disc";0,610330173259235;10;0,0100251256281407;0,00878137510287106;0,0128288060997426;"OBSL1";"ANK3, DLG1"
"GO:0012505";"endomembrane system";1,42410373760488;10;0,00752525252525253;0,0092933918744837;0,0430438592085715;"MTOR, RAC3";"NBEA"
"GO:0030426";"growth cone";1,01721695543206;10;0,0100251256281407;0,00994171856839536;0,0273548708146509;"CDK5, DNM2, PTK2B, RAC3";"DVL1, PTPRO, UNC5C, ZPR1, ALS2, TRPV4"
"GO:0030670";"phagocytic vesicle membrane";0,972558650071627;10;0,0100756306786458;0,0109620064064763;0,0457470281861608;"CYBA, RAC2, TAPBP, VAMP3, SEC22B, ATP6V0A4, HVCN1";""
"GO:0009897";"external side of plasma membrane";1,35360355257494;10;0,0050251256281407;0,011304883347996;0,0375130577380446;"CD8A, CD19, CD79A, CLCN3, CLPTM1, ECE1, FCGR3A, FOLR2, B4GALT1, IL2RB, IL2RG, P4HB, TGFBR2, TGFBR3, VCAM1, TNFRSF11A, ABCG1, LILRB1, LY6G6D";"FCGR2B, FOLR1, IDE, TLR4, LY6G5C"
"GO:0042383";"sarcolemma";0,791168743113823;7;0,005;0,0121275598318905;0,0124866440177025;"ALOX12, PLEC, SLC2A1, NOS1AP";"ANK3"
"GO:0042734";"presynaptic membrane";1,66145436053903;10;0,005;0,0136073376036693;0,0154089647995971;"ATP2B1, SLC1A2, PICALM, UNC13A";"GPER1, NRXN1, ERC1"
"GO:0005669";"transcription factor TFIID complex";0,589284305215813;3;0,005;0,0146895670059669;0,0157916969558057;"TAF5";"TAF2, TAF4B"
"GO:0005884";"actin filament";1,09080286284629;10;0,0276262626262626;0,0154703840808371;0,0203600673130458;"AIF1, MARK2, MYO9B, RAC2, EZR, WAS, SPTBN4";"ANXA1, HCK"
"GO:0030669";"clathrin-coated endocytic vesicle membrane";0,495340430471263;9;0,005;0,0156354053760358;0,0162233085395951;"AP2A1, VAMP3, RAB35, SLC2A8";"CD9, IL7R"
"GO:0097546";"ciliary base";1,99374523264683;9;0,005;0,0159865832525959;0,0179986049599606;"PRKACA, PRKAR2B, SUFU, IFT20";"GLI3, MOK, TRAF3IP1"
"GO:0030140";"trans-Golgi network transport vesicle";1,13928299008391;6;0,00501256281407035;0,0165656366002926;0,0173323012628564;"SPG21, TMED9";""
"GO:0030667";"secretory granule membrane";1,07226634360838;7;0,005;0,0170419560495643;0,018018307917209;"CD58, CR1, CD55, FCGR3B, B4GALT1, NCKAP1L, ICA1, ITGAX, RAB5B, RAB26, RHOF, SLC30A5, HVCN1";"MME, DNAJC13, DOK3"
"GO:0031902";"late endosome membrane";1,13928299008391;7;0,005;0,0170419560495643;0,018018307917209;"ANXA6, MR1, BAIAP3, VTI1B, CYB561A3";"VPS41, LAPTM4B, VAC14, RAB7B, ANXA8"
"GO:0000922";"spindle pole";0,732396207911082;2;0,005;0,0172247376148878;0,0337978377140533;"GOLGA2, SPAST, CTDP1, KATNA1, VPS4A, FBF1";"DCTN1, POC1A, EFHC1"
"GO:0030863";"cortical cytoskeleton";1,70892448512586;10;0,015;0,0174051357968484;0,0174051357968484;"DLG4, EPB41, EZR";""
"GO:0043034";"costamere";1,03571180916719;10;0,015;0,0178570246280252;0,0188470116458619;"PLEC";"ANK3"
"GO:0014069";"postsynaptic density";1,05979813031061;5;0,005;0,0186306481637101;0,0364446857769848;"CDK5, DLG4, DTNB, PTK2B, FYN, INPP4A, RPL12, RPS19, DLG5, CRIPT, SHANK1, CNIH2";"CHRNA3, GPER1, RPS27, NLGN1"
"GO:0043194";"axon initial segment";1,55356771375078;10;0,01;0,0188470116458619;0,0188470116458619;"BIN1, SPTBN4";"ANK3"
"GO:0005796";"Golgi lumen";1,11579261915434;5;0,005;0,0189532626609156;0,0235672427799802;"PDGFB, PROC, PROS1, TGFB1, WNT6, PROZ, PPIL2, SDF4, RAB33B, WNT3A, GPC2, AGRN";"APP, BGN, DEFA5, MMP14, WNT7B, GPC6, MUCL1"
"GO:0097038";"perinuclear endoplasmic reticulum";1,55356771375078;9;0,01;0,0190358443696349;0,0359240874130664;"FYN, BCAP31, OSBPL7";""
"GO:0045211";"postsynaptic membrane";1,62754712869129;5;0,0050251256281407;0,0192242289820707;0,0213167958546443;"DLG4, DNM2, F2R, PICALM, SHANK1, NLGN2, CNIH2";"ANK3, NLGN1, CNIH3"
"GO:0033268";"node of Ranvier";1,42410373760488;10;0,01;0,0196333223417617;0,0196333223417617;"BIN1, SPTBN4";"ANK3"
"GO:0031941";"filamentous actin";1,42410373760488;10;0,02;0,0196333223417617;0,0196333223417617;"MYO1C, RAC3, ESPN";""
"GO:0044853";"plasma membrane raft";2,05070938215103;7;0,005;0,0196627441599078;0,0214256041172948;"CD8A, CR1, ITGAM, PRKACA, SELPLG, EZR";"MS4A1, CHRNA3, PRTN3"
"GO:0045334";"clathrin-coated endocytic vesicle";2,62911459250132;10;0,0100505050505051;0,0204836170417986;0,0204836170417986;"RAB35, INPP5F, LMBRD1";"MYO1E, SFTPD, CEMIP"
"GO:0044291";"cell-cell contact zone";1,00524969713286;9;0,01;0,0209067225433808;0,0452131524140266;"FLOT2, RAP2C";"AJAP1"
"GO:0031616";"spindle pole centrosome";1,42410373760488;10;0,00752525252525253;0,0225606330012587;0,0332828236881124;"EMD, DLGAP5";""
"GO:0005684";"U2-type spliceosomal complex";0,569641495041953;10;0,00503781533932288;0,0226449094244957;0,0342023064073212;"SF3B6";""
"GO:0090543";"Flemming body";1,23835107617816;1;0,00505050505050505;0,0228172622223065;0,0228172622223065;"IST1, USP3, CELF2, VPS4A";"CHAMP1"
"GO:0043296";"apical junction complex";0,876371530833773;10;0,01;0,023482268008857;0,0455934056214647;"FBF1, CCDC85C";""
"GO:0016514";"SWI/SNF complex";0,949402491736588;1;0,005;0,0242223051230941;0,0242223051230941;"NCR1, BCL11B, ARID2";"BCL11A"
"GO:0005666";"RNA polymerase III complex";1,70892448512586;1;0,00505050505050505;0,0245389078887699;0,0245389078887699;"POLR3GL";"POLR1C, POLR3F"
"GO:0005782";"peroxisomal matrix";1,36713958810069;1;0,005;0,0253710140149935;0,0253710140149935;"ACAA1, CRAT, PHYH, ACOX3, ACOT8, ACOT2, HACL1, ACOXL, PAOX, NUDT19";"IDE, DDO"
"GO:0000940";"outer kinetochore";1,13928299008391;10;0,005;0,026337400214677;0,0269902435930612;"SKA2";"NDC80"
"GO:0031093";"platelet alpha granule lumen";1,48983160241741;10;0,0100251256281407;0,0263601154884759;0,0301556094629322;"A1BG, PDGFB, SERPINF2, PROS1, QSOX1, TGFB1, VEGFB, VTI1B, MAGED2, OLA1, PCYOX1L";"APP, ORM1, ORM2, SPARC, TGFB3, VWF"
"GO:0120293";"dynein axonemal particle";1,03571180916719;3;0,005;0,026868814362325;0,0355102621130231;"STIP1";"DNALI1"
"GO:0044615";"nuclear pore nuclear basket";1,55356771375078;9;0,01;0,026983873400757;0,0464718515932251;"CETN2, NUP98, PCID2";""
"GO:0101003";"ficolin-1-rich granule membrane";1,39911946150655;6;0,01;0,0282978674729799;0,0302098732740025;"CD58, CR1, CD55, FCER1G, NCKAP1L, ITGAX, PRCP, TRPM2, NBEAL2";"FPR2, GAA, LAMP1, MGAM, DOK3"
"GO:0030014";"CCR4-NOT complex";1,42410373760488;3;0,005;0,0287587695880722;0,0322160603858276;"CNOT3, CNOT8, CPEB3";""
"GO:0045177";"apical part of cell";1,28628724686893;10;0,005;0,0306245461098348;0,0387576181299582;"VCAM1, EZR, VASH1, CLIC4, ATP6V0A4";"DPEP1, ARHGEF18"
"GO:0005721";"pericentric heterochromatin";0,813773564345647;4;0,005;0,0312864987669825;0,0333564954162232;"SNAI1, IKZF1";""
"GO:0097060";"synaptic membrane";0,75952199338927;5;0,005;0,0312864987669825;0,0496741897372408;"DLG4";"DLG1"
"GO:0005685";"U1 snRNP";0,569641495041953;1;0,005;0,0315988553699711;0,0315988553699711;"SNRPD2";""
"GO:0031594";"neuromuscular junction";1,42410373760488;1;0,005;0,0318353442793355;0,0318353442793355;"CDK5, F2R, TRIP4";"ANK3, CHRND"
"GO:0044322";"endoplasmic reticulum quality control compartment";1,26586998898212;10;0,00751256281407035;0,0339433903508584;0,0449329329518183;"EDEM1, EDEM3";""
"GO:0019898";"extrinsic component of membrane";1,54277904907196;9;0,005;0,0342686765908035;0,0499145223346869;"BST1, PLAUR, EZR, NMT2, PACSIN2, VPS13A, GBA2";"ANXA1, ANXA13, MGLL, EHD2, MITD1, OSR1"
"GO:0005640";"nuclear outer membrane";1,34033292951048;7;0,0050251256281407;0,0344981867185022;0,0364357114618402;"EMD, RETSAT, TMEM53, SYNE4";""
"GO:0036020";"endolysosome membrane";1,26586998898212;6;0,00501256281407035;0,0344981867185022;0,0362912937851983;"AP2A1, ABCB6, SLC15A4";"TLR3"
"GO:0036128";"CatSper complex";1,42410373760488;1;0,005;0,034518350982065;0,034518350982065;"HSPA2, CATSPERG";""
"GO:0030532";"small nuclear ribonucleoprotein complex";0,517855904583593;1;0,005;0,0352963059855133;0,0352963059855133;"SNRPD2";""
"GO:0044232";"organelle membrane contact site";1,26586998898212;9;0,01;0,0353153591757094;0,0457470281861608;"RMDN3, MOSPD2";""
"GO:0000228";"nuclear chromosome";0,569641495041953;1;0,0050251256281407;0,03606691971866;0,03606691971866;"BLM";"HMGA2"
"GO:0031528";"microvillus membrane";1,22066034651847;9;0,01;0,0362971331383036;0,0452504476390875;"ITGAV, SLC7A5, CDHR5";""
"GO:0032009";"early phagosome";1,55356771375078;1;0,005;0,0370368852750439;0,0370368852750439;"SYK";"PLA2G5, UNC93B1"
"GO:0062023";"collagen-containing extracellular matrix";1,30026862998707;7;0,005;0,0376487860922344;0,0426831119011521;"ECM1, ADAM11, CDON, ADAMTS10, CHADL, AGRN";"BGN, COL1A1, COL5A1, COL6A1, COL6A3, TNC, LAMA4, NDP, TGFB3, TGFBI, CLEC3B, VWF, ZP2, ZP3, COL18A1"
"GO:0030992";"intraciliary transport particle B";1,42410373760488;2;0,005;0,0378063550533812;0,0378063550533812;"IFT27, HSPB11, IFT20";"TRAF3IP1"
"GO:0005750";"mitochondrial respiratory chain complex III";0,949402491736588;5;0,005;0,0394821557750011;0,0436416367165192;"UQCRQ";"UQCRB"
"GO:0042582";"azurophil granule";1,13928299008391;1;0,005;0,0396730575932746;0,0396730575932746;"HEXB, STXBP2";""
"GO:0032281";"AMPA glutamate receptor complex";1,62754712869129;5;0,0050251256281407;0,0414532995847981;0,0421844365824398;"DLG4, CACNG3, CNIH2";"CNIH3"
"GO:0012506";"vesicle membrane";2,03443391086412;4;0,00501256281407035;0,0430443563706225;0,0440401422328102;"CLCN3, SLC28A2, STK26, SLC26A6";"GBP1"
"GO:1990498";"mitotic spindle microtubule";1,22066034651847;10;0,005;0,0433313695454865;0,0454185596696468;"HAUS7, HAUS3";"MAP1S"
"GO:0032809";"neuronal cell body membrane";0,949402491736588;10;0,005;0,0436753423316925;0,0451432601327881;"KCNB1";"KCNE3, DAB2IP"
"GO:0008021";"synaptic vesicle";1,70892448512586;1;0,00505050505050505;0,044377292547721;0,044377292547721;"CLCN3, DLG4, HCRT, CDK16, SYN1, SYP, SYNGR3, RAB11B, VTI1B, COPS4";"MME, SYN3, SV2C, KIRREL3, SLC32A1"
"GO:0030141";"secretory granule";1,10763624035935;2;0,00503781533932288;0,045675654596798;0,0489418380705975;"CLCN3, CYBA, WFS1, SLC30A5";"BRCA2, DEFA5, SPACA3"
"GO:0005637";"nuclear inner membrane";0,854462242562929;2;0,00501256281407035;0,0465320970532065;0,0494259191759007;"EMD, MFSD10, TMEM120B";""
"GO:0005929";"cilium";1,04361800618373;2;0,005;0,0471991028324109;0,0471991028324109;"ADCY3, RAB8A, RP2, SSTR3, OFD1, IFT27, IQCE, NPHP3, HSPB11, KIF17, TTC23, TXNDC15, IFT20";"GLI3, GPR19, MOK, DNALI1, TRAF3IP1, SPA17, CCDC40, DYNLRB2, ARL6, FANK1, IFT43"
"GO:0045111";"intermediate filament cytoskeleton";0,813773564345647;1;0,005;0,0477352225221542;0,0477352225221542;"PLEC, CCT8, MDN1, NDOR1, SYCE1L";"DTNA, MMP14"
"GO:0005868";"cytoplasmic dynein complex";0,876371530833773;4;0,005;0,0477951064308635;0,0496596079734982;"";"DYNC1H1, DYNLRB2"
"GO:0001891";"phagocytic cup";2,65832697686245;3;0,005;0,0487749899653371;0,0496190937072129;"AIF1, ARHGAP25, ABCA7, SH3BP1";"TLR4, RAB11FIP2, ARHGAP12"
